archivo,arquetipo,peso_meta,mazos_origen
alakazam_1.csv,alakazam,0.095021,69
alakazam_10.csv,alakazam,0.001377,1
alakazam_11.csv,alakazam,0.001377,1
alakazam_2.csv,alakazam,0.006927,4
alakazam_3.csv,alakazam,0.013855,4
alakazam_4.csv,alakazam,0.004131,3
alakazam_5.csv,alakazam,0.002754,2
alakazam_6.csv,alakazam,0.002754,2
alakazam_7.csv,alakazam,0.006927,1
alakazam_8.csv,alakazam,0.001377,1
alakazam_9.csv,alakazam,0.006927,1
archaludon_1.csv,archaludon,0.001377,1
chandelure_1.csv,chandelure,0.001377,1
chandelure_2.csv,chandelure,0.001377,1
chandelure_3.csv,chandelure,0.001377,1
crustle_wall_1.csv,crustle wall,0.012394,9
crustle_wall_10.csv,crustle wall,0.001377,1
crustle_wall_11.csv,crustle wall,0.001377,1
crustle_wall_12.csv,crustle wall,0.001377,1
crustle_wall_13.csv,crustle wall,0.001377,1
crustle_wall_14.csv,crustle wall,0.001377,1
crustle_wall_15.csv,crustle wall,0.001377,1
crustle_wall_16.csv,crustle wall,0.001377,1
crustle_wall_17.csv,crustle wall,0.001377,1
crustle_wall_18.csv,crustle wall,0.001377,1
crustle_wall_19.csv,crustle wall,0.001377,1
crustle_wall_2.csv,crustle wall,0.006886,5
crustle_wall_20.csv,crustle wall,0.001377,1
crustle_wall_21.csv,crustle wall,0.001377,1
crustle_wall_22.csv,crustle wall,0.001377,1
crustle_wall_3.csv,crustle wall,0.005508,4
crustle_wall_4.csv,crustle wall,0.005508,4
crustle_wall_5.csv,crustle wall,0.006927,2
crustle_wall_6.csv,crustle wall,0.001377,1
crustle_wall_7.csv,crustle wall,0.001377,1
crustle_wall_8.csv,crustle wall,0.001377,1
crustle_wall_9.csv,crustle wall,0.001377,1
cynthia_garchomp_1.csv,cynthia garchomp,0.006886,5
cynthia_garchomp_2.csv,cynthia garchomp,0.001377,1
cynthia_garchomp_3.csv,cynthia garchomp,0.001377,1
cynthia_garchomp_4.csv,cynthia garchomp,0.001377,1
cynthia_garchomp_5.csv,cynthia garchomp,0.001377,1
dragapult_1.csv,dragapult,0.069273,17
dragapult_10.csv,dragapult,0.001377,1
dragapult_11.csv,dragapult,0.001377,1
dragapult_12.csv,dragapult,0.001377,1
dragapult_13.csv,dragapult,0.001377,1
dragapult_14.csv,dragapult,0.001377,1
dragapult_15.csv,dragapult,0.006927,1
dragapult_2.csv,dragapult,0.006927,2
dragapult_3.csv,dragapult,0.001377,1
dragapult_4.csv,dragapult,0.001377,1
dragapult_5.csv,dragapult,0.001377,1
dragapult_6.csv,dragapult,0.001377,1
dragapult_7.csv,dragapult,0.006927,1
dragapult_8.csv,dragapult,0.006927,1
dragapult_9.csv,dragapult,0.001377,1
festival_lead_1.csv,festival lead,0.013855,4
festival_lead_10.csv,festival lead,0.001377,1
festival_lead_11.csv,festival lead,0.001377,1
festival_lead_12.csv,festival lead,0.006927,1
festival_lead_13.csv,festival lead,0.001377,1
festival_lead_14.csv,festival lead,0.006927,1
festival_lead_15.csv,festival lead,0.001377,1
festival_lead_2.csv,festival lead,0.005508,4
festival_lead_3.csv,festival lead,0.013855,3
festival_lead_4.csv,festival lead,0.013855,2
festival_lead_5.csv,festival lead,0.006927,2
festival_lead_6.csv,festival lead,0.001377,1
festival_lead_7.csv,festival lead,0.006927,1
festival_lead_8.csv,festival lead,0.006927,1
festival_lead_9.csv,festival lead,0.001377,1
marnie_grimmsnarl_1.csv,marnie grimmsnarl,0.223094,162
marnie_grimmsnarl_10.csv,marnie grimmsnarl,0.001377,1
marnie_grimmsnarl_11.csv,marnie grimmsnarl,0.001377,1
marnie_grimmsnarl_12.csv,marnie grimmsnarl,0.001377,1
marnie_grimmsnarl_13.csv,marnie grimmsnarl,0.001377,1
marnie_grimmsnarl_14.csv,marnie grimmsnarl,0.001377,1
marnie_grimmsnarl_15.csv,marnie grimmsnarl,0.001377,1
marnie_grimmsnarl_2.csv,marnie grimmsnarl,0.020782,11
marnie_grimmsnarl_3.csv,marnie grimmsnarl,0.002754,2
marnie_grimmsnarl_4.csv,marnie grimmsnarl,0.001377,1
marnie_grimmsnarl_5.csv,marnie grimmsnarl,0.006927,1
marnie_grimmsnarl_6.csv,marnie grimmsnarl,0.001377,1
marnie_grimmsnarl_7.csv,marnie grimmsnarl,0.001377,1
marnie_grimmsnarl_8.csv,marnie grimmsnarl,0.006927,1
marnie_grimmsnarl_9.csv,marnie grimmsnarl,0.001377,1
mega_gardevoir_1.csv,mega gardevoir,0.001377,1
mega_kangaskhan_1.csv,mega kangaskhan,0.001377,1
mega_kangaskhan_2.csv,mega kangaskhan,0.001377,1
mega_kangaskhan_3.csv,mega kangaskhan,0.006927,1
mega_kangaskhan_4.csv,mega kangaskhan,0.001377,1
mega_kangaskhan_5.csv,mega kangaskhan,0.006927,1
mega_kangaskhan_6.csv,mega kangaskhan,0.006927,1
mega_kangaskhan_7.csv,mega kangaskhan,0.006927,1
mega_lopunny_1.csv,mega lopunny,0.006927,2
mega_lopunny_2.csv,mega lopunny,0.001377,1
mega_lopunny_3.csv,mega lopunny,0.001377,1
mega_lopunny_4.csv,mega lopunny,0.001377,1
mega_lopunny_mega_froslass_1.csv,mega lopunny mega froslass,0.110838,34
mega_lopunny_mega_froslass_2.csv,mega lopunny mega froslass,0.001377,1
mega_lopunny_mega_froslass_3.csv,mega lopunny mega froslass,0.001377,1
mega_lucario_1.csv,mega lucario,0.041564,10
mega_lucario_2.csv,mega lucario,0.004131,3
mega_lucario_3.csv,mega lucario,0.001377,1
mega_lucario_4.csv,mega lucario,0.001377,1
mega_lucario_5.csv,mega lucario,0.001377,1
mega_lucario_6.csv,mega lucario,0.006927,1
mega_lucario_7.csv,mega lucario,0.001377,1
mega_lucario_8.csv,mega lucario,0.001377,1
mega_starmie_1.csv,mega starmie,0.001377,1
mega_starmie_2.csv,mega starmie,0.001377,1
mega_starmie_3.csv,mega starmie,0.001377,1
ogerpon_verde_1.csv,ogerpon verde,0.013855,10
ogerpon_verde_10.csv,ogerpon verde,0.001377,1
ogerpon_verde_11.csv,ogerpon verde,0.006927,1
ogerpon_verde_2.csv,ogerpon verde,0.012394,9
ogerpon_verde_3.csv,ogerpon verde,0.013855,3
ogerpon_verde_4.csv,ogerpon verde,0.002754,2
ogerpon_verde_5.csv,ogerpon verde,0.001377,1
ogerpon_verde_6.csv,ogerpon verde,0.001377,1
ogerpon_verde_7.csv,ogerpon verde,0.001377,1
ogerpon_verde_8.csv,ogerpon verde,0.001377,1
ogerpon_verde_9.csv,ogerpon verde,0.001377,1
otro_comfey_1.csv,otro comfey,0.001377,1
otro_cornerstone_mask_ogerpon_ex_1.csv,otro cornerstone mask ogerpon ex,0.001377,1
otro_empoleon_ex_1.csv,otro empoleon ex,0.001377,1
otro_mega_sharpedo_ex_1.csv,otro mega sharpedo ex,0.001377,1
otro_ns_zoroark_ex_1.csv,otro ns zoroark ex,0.006927,1
otro_team_rocket_s_murkrow_1.csv,otro team rocket s murkrow,0.001377,1
team_rocket_mewtwo_1.csv,team rocket mewtwo,0.006927,1
team_rocket_mewtwo_2.csv,team rocket mewtwo,0.001377,1
team_rocket_mewtwo_3.csv,team rocket mewtwo,0.001377,1
